Tag,Floor,Type,Circuit,Normal_input_W,Direction,X_m,Y_m,Battery_min,Control
GF-E001,GF,EM,GF-L07,3,NA,2,7,90,Unswitched local lighting circuit; simulate failure for test
GF-E002,GF,EM,GF-L07,3,NA,7,7,90,Unswitched local lighting circuit; simulate failure for test
GF-E003,GF,EM,GF-L07,3,NA,12,7,90,Unswitched local lighting circuit; simulate failure for test
GF-E004,GF,EM,GF-L07,3,NA,17,7,90,Unswitched local lighting circuit; simulate failure for test
GF-E005,GF,EM,GF-L07,3,NA,22,7,90,Unswitched local lighting circuit; simulate failure for test
GF-E006,GF,EM,GF-L07,3,NA,28,7,90,Unswitched local lighting circuit; simulate failure for test
GF-E007,GF,EM,GF-L08,3,NA,2,1,90,Unswitched local lighting circuit; simulate failure for test
GF-E008,GF,EM,GF-L08,3,NA,2,4.5,90,Unswitched local lighting circuit; simulate failure for test
GF-E009,GF,EM,GF-L08,3,NA,28,1,90,Unswitched local lighting circuit; simulate failure for test
GF-E010,GF,EM,GF-L08,3,NA,28,4.5,90,Unswitched local lighting circuit; simulate failure for test
GF-E011,GF,EM,GF-L01,3,NA,12,3,90,Unswitched local lighting circuit; simulate failure for test
GF-E012,GF,EM,GF-L02,3,NA,18,3,90,Unswitched local lighting circuit; simulate failure for test
GF-E013,GF,EM,GF-L02,3,NA,24,3,90,Unswitched local lighting circuit; simulate failure for test
GF-E014,GF,EM,GF-L03,3,NA,7,1.3,90,Unswitched local lighting circuit; simulate failure for test
GF-E015,GF,EX,GF-L08,3,DOWN,2,6,90,Unswitched local lighting circuit; simulate failure for test
GF-E016,GF,EX,GF-L08,3,DOWN,28,6,90,Unswitched local lighting circuit; simulate failure for test
GF-E017,GF,EX,GF-L07,3,LEFT,8,7,90,Unswitched local lighting circuit; simulate failure for test
GF-E018,GF,EX,GF-L07,3,RIGHT,23,7,90,Unswitched local lighting circuit; simulate failure for test
GF-E019,GF,EX,GF-L08,3,OUT,2,0,90,Unswitched local lighting circuit; simulate failure for test
GF-E020,GF,EX,GF-L08,3,OUT,28,0,90,Unswitched local lighting circuit; simulate failure for test
GF-E021,GF,EX,GF-L03,3,OUT,7,0,90,Unswitched local lighting circuit; simulate failure for test
FF-E001,FF,EM,FF-L07,3,NA,2,7,90,Unswitched local lighting circuit; simulate failure for test
FF-E002,FF,EM,FF-L07,3,NA,7,7,90,Unswitched local lighting circuit; simulate failure for test
FF-E003,FF,EM,FF-L07,3,NA,12,7,90,Unswitched local lighting circuit; simulate failure for test
FF-E004,FF,EM,FF-L07,3,NA,17,7,90,Unswitched local lighting circuit; simulate failure for test
FF-E005,FF,EM,FF-L07,3,NA,22,7,90,Unswitched local lighting circuit; simulate failure for test
FF-E006,FF,EM,FF-L07,3,NA,28,7,90,Unswitched local lighting circuit; simulate failure for test
FF-E007,FF,EM,FF-L08,3,NA,2,1,90,Unswitched local lighting circuit; simulate failure for test
FF-E008,FF,EM,FF-L08,3,NA,2,4.5,90,Unswitched local lighting circuit; simulate failure for test
FF-E009,FF,EM,FF-L08,3,NA,28,1,90,Unswitched local lighting circuit; simulate failure for test
FF-E010,FF,EM,FF-L08,3,NA,28,4.5,90,Unswitched local lighting circuit; simulate failure for test
FF-E011,FF,EM,FF-L01,3,NA,6,3,90,Unswitched local lighting circuit; simulate failure for test
FF-E012,FF,EM,FF-L01,3,NA,12,3,90,Unswitched local lighting circuit; simulate failure for test
FF-E013,FF,EM,FF-L02,3,NA,18,3,90,Unswitched local lighting circuit; simulate failure for test
FF-E014,FF,EM,FF-L02,3,NA,24,3,90,Unswitched local lighting circuit; simulate failure for test
FF-E015,FF,EM,FF-L03,3,NA,14,11,90,Unswitched local lighting circuit; simulate failure for test
FF-E016,FF,EX,FF-L08,3,DOWN,2,6,90,Unswitched local lighting circuit; simulate failure for test
FF-E017,FF,EX,FF-L08,3,DOWN,28,6,90,Unswitched local lighting circuit; simulate failure for test
FF-E018,FF,EX,FF-L07,3,LEFT,8,7,90,Unswitched local lighting circuit; simulate failure for test
FF-E019,FF,EX,FF-L07,3,RIGHT,23,7,90,Unswitched local lighting circuit; simulate failure for test
