Tag,Floor,Room,Type,Circuit,Input_W,Lumens,X_m,Y_m
GF-N001,GF,OPEN,LP,GF-L01,36,4500,11,1
GF-N002,GF,OPEN,LP,GF-L01,36,4500,13,1
GF-N003,GF,OPEN,LP,GF-L01,36,4500,15,1
GF-N004,GF,OPEN,LP,GF-L01,36,4500,17,1
GF-N005,GF,OPEN,LP,GF-L02,36,4500,19,1
GF-N006,GF,OPEN,LP,GF-L02,36,4500,21,1
GF-N007,GF,OPEN,LP,GF-L02,36,4500,23,1
GF-N008,GF,OPEN,LP,GF-L02,36,4500,25,1
GF-N009,GF,OPEN,LP,GF-L01,36,4500,11,3
GF-N010,GF,OPEN,LP,GF-L01,36,4500,13,3
GF-N011,GF,OPEN,LP,GF-L01,36,4500,15,3
GF-N012,GF,OPEN,LP,GF-L01,36,4500,17,3
GF-N013,GF,OPEN,LP,GF-L02,36,4500,19,3
GF-N014,GF,OPEN,LP,GF-L02,36,4500,21,3
GF-N015,GF,OPEN,LP,GF-L02,36,4500,23,3
GF-N016,GF,OPEN,LP,GF-L02,36,4500,25,3
GF-N017,GF,OPEN,LP,GF-L01,36,4500,11,5
GF-N018,GF,OPEN,LP,GF-L01,36,4500,13,5
GF-N019,GF,OPEN,LP,GF-L01,36,4500,15,5
GF-N020,GF,OPEN,LP,GF-L01,36,4500,17,5
GF-N021,GF,OPEN,LP,GF-L02,36,4500,19,5
GF-N022,GF,OPEN,LP,GF-L02,36,4500,21,5
GF-N023,GF,OPEN,LP,GF-L02,36,4500,23,5
GF-N024,GF,OPEN,LP,GF-L02,36,4500,25,5
GF-N025,GF,REC,LP,GF-L03,36,4500,5.5,0.75
GF-N026,GF,REC,LP,GF-L03,36,4500,8.5,0.75
GF-N027,GF,REC,LP,GF-L03,36,4500,5.5,2.25
GF-N028,GF,REC,LP,GF-L03,36,4500,8.5,2.25
GF-N029,GF,WAIT,LP,GF-L03,36,4500,5.5,3.75
GF-N030,GF,WAIT,LP,GF-L03,36,4500,8.5,3.75
GF-N031,GF,WAIT,LP,GF-L03,36,4500,5.5,5.25
GF-N032,GF,WAIT,LP,GF-L03,36,4500,8.5,5.25
GF-N033,GF,MT1,LP,GF-L04,36,4500,11,9
GF-N034,GF,MT1,LP,GF-L04,36,4500,13,9
GF-N035,GF,MT1,LP,GF-L04,36,4500,11,11
GF-N036,GF,MT1,LP,GF-L04,36,4500,13,11
GF-N037,GF,MT1,LP,GF-L04,36,4500,11,13
GF-N038,GF,MT1,LP,GF-L04,36,4500,13,13
GF-N039,GF,MT2,LP,GF-L04,36,4500,15,9
GF-N040,GF,MT2,LP,GF-L04,36,4500,17,9
GF-N041,GF,MT2,LP,GF-L04,36,4500,15,11
GF-N042,GF,MT2,LP,GF-L04,36,4500,17,11
GF-N043,GF,MT2,LP,GF-L04,36,4500,15,13
GF-N044,GF,MT2,LP,GF-L04,36,4500,17,13
GF-N045,GF,KIT,LP,GF-L05,36,4500,19,9
GF-N046,GF,KIT,LP,GF-L05,36,4500,21,9
GF-N047,GF,KIT,LP,GF-L05,36,4500,23,9
GF-N048,GF,KIT,LP,GF-L05,36,4500,19,11
GF-N049,GF,KIT,LP,GF-L05,36,4500,21,11
GF-N050,GF,KIT,LP,GF-L05,36,4500,23,11
GF-N051,GF,KIT,LP,GF-L05,36,4500,19,13
GF-N052,GF,KIT,LP,GF-L05,36,4500,21,13
GF-N053,GF,KIT,LP,GF-L05,36,4500,23,13
GF-N054,GF,M WC,LB,GF-L05,24,2800,25.5,9
GF-N055,GF,M WC,LB,GF-L05,24,2800,25.5,11
GF-N056,GF,M WC,LB,GF-L05,24,2800,25.5,13
GF-N057,GF,F WC,LB,GF-L05,24,2800,28.5,9
GF-N058,GF,F WC,LB,GF-L05,24,2800,28.5,11
GF-N059,GF,F WC,LB,GF-L05,24,2800,28.5,13
GF-N060,GF,ACC,LB,GF-L05,24,2800,9,9.5
GF-N061,GF,ACC,LB,GF-L05,24,2800,9,12.5
GF-N062,GF,ELEC,LB,GF-L06,24,2800,1.5,9
GF-N063,GF,ELEC,LB,GF-L06,24,2800,1.5,11
GF-N064,GF,ELEC,LB,GF-L06,24,2800,1.5,13
GF-N065,GF,COM,LB,GF-L06,24,2800,4.5,9
GF-N066,GF,COM,LB,GF-L06,24,2800,4.5,11
GF-N067,GF,COM,LB,GF-L06,24,2800,4.5,13
GF-N068,GF,STO,LB,GF-L06,24,2800,7,9.5
GF-N069,GF,STO,LB,GF-L06,24,2800,7,12.5
GF-N070,GF,COR,LB,GF-L07,24,2800,1.5,7
GF-N071,GF,COR,LB,GF-L07,24,2800,4.5,7
GF-N072,GF,COR,LB,GF-L07,24,2800,7.5,7
GF-N073,GF,COR,LB,GF-L07,24,2800,10.5,7
GF-N074,GF,COR,LB,GF-L07,24,2800,13.5,7
GF-N075,GF,COR,LB,GF-L07,24,2800,16.5,7
GF-N076,GF,COR,LB,GF-L07,24,2800,19.5,7
GF-N077,GF,COR,LB,GF-L07,24,2800,22.5,7
GF-N078,GF,COR,LB,GF-L07,24,2800,25.5,7
GF-N079,GF,COR,LB,GF-L07,24,2800,28.5,7
GF-N080,GF,ST1,LB,GF-L08,24,2800,2,1
GF-N081,GF,ST1,LB,GF-L08,24,2800,2,3
GF-N082,GF,ST1,LB,GF-L08,24,2800,2,5
GF-N083,GF,ST2,LB,GF-L08,24,2800,28,1
GF-N084,GF,ST2,LB,GF-L08,24,2800,28,3
GF-N085,GF,ST2,LB,GF-L08,24,2800,28,5
FF-N001,FF,OPEN,LP,FF-L01,36,4500,5,1
FF-N002,FF,OPEN,LP,FF-L01,36,4500,7,1
FF-N003,FF,OPEN,LP,FF-L01,36,4500,9,1
FF-N004,FF,OPEN,LP,FF-L01,36,4500,11,1
FF-N005,FF,OPEN,LP,FF-L01,36,4500,13,1
FF-N006,FF,OPEN,LP,FF-L02,36,4500,15,1
FF-N007,FF,OPEN,LP,FF-L02,36,4500,17,1
FF-N008,FF,OPEN,LP,FF-L02,36,4500,19,1
FF-N009,FF,OPEN,LP,FF-L02,36,4500,21,1
FF-N010,FF,OPEN,LP,FF-L02,36,4500,23,1
FF-N011,FF,OPEN,LP,FF-L02,36,4500,25,1
FF-N012,FF,OPEN,LP,FF-L01,36,4500,5,3
FF-N013,FF,OPEN,LP,FF-L01,36,4500,7,3
FF-N014,FF,OPEN,LP,FF-L01,36,4500,9,3
FF-N015,FF,OPEN,LP,FF-L01,36,4500,11,3
FF-N016,FF,OPEN,LP,FF-L01,36,4500,13,3
FF-N017,FF,OPEN,LP,FF-L02,36,4500,15,3
FF-N018,FF,OPEN,LP,FF-L02,36,4500,17,3
FF-N019,FF,OPEN,LP,FF-L02,36,4500,19,3
FF-N020,FF,OPEN,LP,FF-L02,36,4500,21,3
FF-N021,FF,OPEN,LP,FF-L02,36,4500,23,3
FF-N022,FF,OPEN,LP,FF-L02,36,4500,25,3
FF-N023,FF,OPEN,LP,FF-L01,36,4500,5,5
FF-N024,FF,OPEN,LP,FF-L01,36,4500,7,5
FF-N025,FF,OPEN,LP,FF-L01,36,4500,9,5
FF-N026,FF,OPEN,LP,FF-L01,36,4500,11,5
FF-N027,FF,OPEN,LP,FF-L01,36,4500,13,5
FF-N028,FF,OPEN,LP,FF-L02,36,4500,15,5
FF-N029,FF,OPEN,LP,FF-L02,36,4500,17,5
FF-N030,FF,OPEN,LP,FF-L02,36,4500,19,5
FF-N031,FF,OPEN,LP,FF-L02,36,4500,21,5
FF-N032,FF,OPEN,LP,FF-L02,36,4500,23,5
FF-N033,FF,OPEN,LP,FF-L02,36,4500,25,5
FF-N034,FF,CONF,LP,FF-L03,36,4500,12,9
FF-N035,FF,CONF,LP,FF-L03,36,4500,14,9
FF-N036,FF,CONF,LP,FF-L03,36,4500,16,9
FF-N037,FF,CONF,LP,FF-L03,36,4500,12,11
FF-N038,FF,CONF,LP,FF-L03,36,4500,14,11
FF-N039,FF,CONF,LP,FF-L03,36,4500,16,11
FF-N040,FF,CONF,LP,FF-L03,36,4500,12,13
FF-N041,FF,CONF,LP,FF-L03,36,4500,14,13
FF-N042,FF,CONF,LP,FF-L03,36,4500,16,13
FF-N043,FF,MT1,LP,FF-L03,36,4500,18,9
FF-N044,FF,MT1,LP,FF-L03,36,4500,20,9
FF-N045,FF,MT1,LP,FF-L03,36,4500,18,11
FF-N046,FF,MT1,LP,FF-L03,36,4500,20,11
FF-N047,FF,MT1,LP,FF-L03,36,4500,18,13
FF-N048,FF,MT1,LP,FF-L03,36,4500,20,13
FF-N049,FF,MGR1,LP,FF-L04,36,4500,21.75,9.5
FF-N050,FF,MGR1,LP,FF-L04,36,4500,23.25,9.5
FF-N051,FF,MGR1,LP,FF-L04,36,4500,21.75,12.5
FF-N052,FF,MGR1,LP,FF-L04,36,4500,23.25,12.5
FF-N053,FF,MGR2,LP,FF-L04,36,4500,24.75,9.5
FF-N054,FF,MGR2,LP,FF-L04,36,4500,26.25,9.5
FF-N055,FF,MGR2,LP,FF-L04,36,4500,24.75,12.5
FF-N056,FF,MGR2,LP,FF-L04,36,4500,26.25,12.5
FF-N057,FF,KIT,LP,FF-L05,36,4500,28.5,9
FF-N058,FF,KIT,LP,FF-L05,36,4500,28.5,11
FF-N059,FF,KIT,LP,FF-L05,36,4500,28.5,13
FF-N060,FF,WC,LB,FF-L05,24,2800,9.5,9
FF-N061,FF,WC,LB,FF-L05,24,2800,9.5,11
FF-N062,FF,WC,LB,FF-L05,24,2800,9.5,13
FF-N063,FF,ACC,LB,FF-L05,24,2800,6.5,9
FF-N064,FF,ACC,LB,FF-L05,24,2800,6.5,11
FF-N065,FF,ACC,LB,FF-L05,24,2800,6.5,13
FF-N066,FF,PRT,LP,FF-L06,36,4500,1.5,9
FF-N067,FF,PRT,LP,FF-L06,36,4500,1.5,11
FF-N068,FF,PRT,LP,FF-L06,36,4500,1.5,13
FF-N069,FF,STO,LB,FF-L06,24,2800,4,9.5
FF-N070,FF,STO,LB,FF-L06,24,2800,4,12.5
FF-N071,FF,COR,LB,FF-L07,24,2800,1.5,7
FF-N072,FF,COR,LB,FF-L07,24,2800,4.5,7
FF-N073,FF,COR,LB,FF-L07,24,2800,7.5,7
FF-N074,FF,COR,LB,FF-L07,24,2800,10.5,7
FF-N075,FF,COR,LB,FF-L07,24,2800,13.5,7
FF-N076,FF,COR,LB,FF-L07,24,2800,16.5,7
FF-N077,FF,COR,LB,FF-L07,24,2800,19.5,7
FF-N078,FF,COR,LB,FF-L07,24,2800,22.5,7
FF-N079,FF,COR,LB,FF-L07,24,2800,25.5,7
FF-N080,FF,COR,LB,FF-L07,24,2800,28.5,7
FF-N081,FF,ST1,LB,FF-L08,24,2800,2,1
FF-N082,FF,ST1,LB,FF-L08,24,2800,2,3
FF-N083,FF,ST1,LB,FF-L08,24,2800,2,5
FF-N084,FF,ST2,LB,FF-L08,24,2800,28,1
FF-N085,FF,ST2,LB,FF-L08,24,2800,28,3
FF-N086,FF,ST2,LB,FF-L08,24,2800,28,5
