Circuit,Category,Connected_W,PF,Demand_factor,Demand_W,Demand_VA,Phase
GF-L01,Lighting,435,0.95,1,435,457.895,A
GF-L02,Lighting,438,0.95,1,438,461.053,A
GF-L03,Lighting,294,0.95,1,294,309.474,A
GF-L04,Lighting,432,0.95,1,432,454.737,C
GF-L05,Lighting,516,0.95,1,516,543.158,A
GF-L06,Lighting,192,0.95,1,192,202.105,A
GF-L07,Lighting,264,0.95,1,264,277.895,B
GF-L08,Lighting,168,0.95,1,168,176.842,B
GF-P01,General power,2400,0.95,0.6,1440,1515.789,B
GF-P02,General power,2400,0.95,0.6,1440,1515.789,C
GF-P03,General power,2400,0.95,0.6,1440,1515.789,B
GF-P04,General power,1800,0.95,0.6,1080,1136.842,B
GF-P05,General power,1800,0.95,0.6,1080,1136.842,A
GF-P06,General power,3000,0.95,0.6,1800,1894.737,A
GF-REF01,Dedicated,250,0.9,0.8,200,222.222,C
GF-DW01,Dedicated,2000,1,0.8,1600,1600,C
GF-MW01,Dedicated,1500,0.95,0.8,1200,1263.158,C
GF-WH01,Dedicated,2400,1,1,2400,2400,C
GF-CP01,Dedicated,1500,0.95,0.6,900,947.368,B
GF-UPS01,Dedicated,2200,0.95,1,2200,2315.789,A
GF-COM01,Dedicated,400,0.95,1,400,421.053,B
GF-AC01,HVAC,6000,0.9,0.9,5400,6000,ABC
GF-AC02,HVAC,6000,0.9,0.9,5400,6000,ABC
FF-L01,Lighting,546,0.95,1,546,574.737,C
FF-L02,Lighting,654,0.95,1,654,688.421,B
FF-L03,Lighting,543,0.95,1,543,571.579,B
FF-L04,Lighting,288,0.95,1,288,303.158,C
FF-L05,Lighting,252,0.95,1,252,265.263,C
FF-L06,Lighting,156,0.95,1,156,164.211,B
FF-L07,Lighting,264,0.95,1,264,277.895,C
FF-L08,Lighting,162,0.95,1,162,170.526,A
FF-P01,General power,2400,0.95,0.6,1440,1515.789,C
FF-P02,General power,2400,0.95,0.6,1440,1515.789,B
FF-P03,General power,2400,0.95,0.6,1440,1515.789,C
FF-P04,General power,1800,0.95,0.6,1080,1136.842,B
FF-P05,General power,1800,0.95,0.6,1080,1136.842,C
FF-P06,General power,3000,0.95,0.6,1800,1894.737,A
FF-REF01,Dedicated,250,0.9,0.8,200,222.222,B
FF-DW01,Dedicated,2000,1,0.8,1600,1600,A
FF-MW01,Dedicated,1500,0.95,0.8,1200,1263.158,A
FF-WH01,Dedicated,2400,1,1,2400,2400,B
FF-CP01,Dedicated,1500,0.95,0.6,900,947.368,A
FF-AC01,HVAC,6000,0.9,0.9,5400,6000,ABC
FF-AC02,HVAC,6000,0.9,0.9,5400,6000,ABC
