Tag,Floor,Type,Circuit,Area,X_m,Y_m
GF-SO001,GF,GPO2,GF-P01,Desk bank west,11,1.7
GF-SO002,GF,GPO2,GF-P01,Desk bank west,13,1.7
GF-SO003,GF,GPO2,GF-P01,Desk bank west,15,1.7
GF-SO004,GF,GPO2,GF-P01,Desk bank west,11,4.3
GF-SO005,GF,GPO2,GF-P01,Desk bank west,13,4.3
GF-SO006,GF,GPO2,GF-P01,Desk bank west,15,4.3
GF-SO007,GF,GPO2,GF-P02,Desk bank centre,16,1.7
GF-SO008,GF,GPO2,GF-P02,Desk bank centre,18,1.7
GF-SO009,GF,GPO2,GF-P02,Desk bank centre,20,1.7
GF-SO010,GF,GPO2,GF-P02,Desk bank centre,16,4.3
GF-SO011,GF,GPO2,GF-P02,Desk bank centre,18,4.3
GF-SO012,GF,GPO2,GF-P02,Desk bank centre,20,4.3
GF-SO013,GF,GPO2,GF-P03,Desk bank east,21,1.7
GF-SO014,GF,GPO2,GF-P03,Desk bank east,23,1.7
GF-SO015,GF,GPO2,GF-P03,Desk bank east,25,1.7
GF-SO016,GF,GPO2,GF-P03,Desk bank east,21,4.3
GF-SO017,GF,GPO2,GF-P03,Desk bank east,23,4.3
GF-SO018,GF,GPO2,GF-P03,Desk bank east,25,4.3
GF-SO019,GF,GPO2,GF-P04,Meeting / offices,11,8.6
GF-SO020,GF,GPO2,GF-P04,Meeting / offices,13,13.4
GF-SO021,GF,GPO2,GF-P04,Meeting / offices,15,8.6
GF-SO022,GF,GPO2,GF-P04,Meeting / offices,17,13.4
GF-SO023,GF,GPO2,GF-P05,Reception / cleaning,4.5,1
GF-SO024,GF,GPO2,GF-P05,Reception / cleaning,9.5,4.5
GF-SO025,GF,GPO2,GF-P05,Reception / cleaning,5,6.4
GF-SO026,GF,GPO2,GF-P05,Reception / cleaning,15,6.4
GF-SO027,GF,GPO2,GF-P05,Reception / cleaning,25,6.4
GF-SO028,GF,GPO2,GF-P06,Kitchen small power,19,13.4
GF-SO029,GF,GPO2,GF-P06,Kitchen small power,20.5,13.4
GF-SO030,GF,GPO2,GF-P06,Kitchen small power,22,13.4
FF-SO001,FF,GPO2,FF-P01,Desk bank west,6,1.7
FF-SO002,FF,GPO2,FF-P01,Desk bank west,8,1.7
FF-SO003,FF,GPO2,FF-P01,Desk bank west,10,1.7
FF-SO004,FF,GPO2,FF-P01,Desk bank west,6,4.3
FF-SO005,FF,GPO2,FF-P01,Desk bank west,8,4.3
FF-SO006,FF,GPO2,FF-P01,Desk bank west,10,4.3
FF-SO007,FF,GPO2,FF-P02,Desk bank centre,16,1.7
FF-SO008,FF,GPO2,FF-P02,Desk bank centre,18,1.7
FF-SO009,FF,GPO2,FF-P02,Desk bank centre,20,1.7
FF-SO010,FF,GPO2,FF-P02,Desk bank centre,16,4.3
FF-SO011,FF,GPO2,FF-P02,Desk bank centre,18,4.3
FF-SO012,FF,GPO2,FF-P02,Desk bank centre,20,4.3
FF-SO013,FF,GPO2,FF-P03,Desk bank east,21,1.7
FF-SO014,FF,GPO2,FF-P03,Desk bank east,23,1.7
FF-SO015,FF,GPO2,FF-P03,Desk bank east,25,1.7
FF-SO016,FF,GPO2,FF-P03,Desk bank east,21,4.3
FF-SO017,FF,GPO2,FF-P03,Desk bank east,23,4.3
FF-SO018,FF,GPO2,FF-P03,Desk bank east,25,4.3
FF-SO019,FF,GPO2,FF-P04,Meeting / offices,12,8.6
FF-SO020,FF,GPO2,FF-P04,Meeting / offices,16,13.4
FF-SO021,FF,GPO2,FF-P04,Meeting / offices,18,8.6
FF-SO022,FF,GPO2,FF-P04,Meeting / offices,20,13.4
FF-SO023,FF,GPO2,FF-P04,Meeting / offices,22,8.6
FF-SO024,FF,GPO2,FF-P04,Meeting / offices,25,8.6
FF-SO025,FF,GPO2,FF-P05,Print / cleaning,1,8.6
FF-SO026,FF,GPO2,FF-P05,Print / cleaning,2,13.4
FF-SO027,FF,GPO2,FF-P05,Print / cleaning,5,6.4
FF-SO028,FF,GPO2,FF-P05,Print / cleaning,15,6.4
FF-SO029,FF,GPO2,FF-P05,Print / cleaning,25,6.4
FF-SO030,FF,GPO2,FF-P06,Kitchen small power,27.5,13.4
FF-SO031,FF,GPO2,FF-P06,Kitchen small power,28.5,13.4
FF-SO032,FF,GPO2,FF-P06,Kitchen small power,29.5,13.4
