Circuit,Ib_A,In_A,Assumed_base_Iz_A,Derating_factor,Illustrative_Iz_A,Area_mm2,Length_m,Voltage_V,Drop_V,Drop_percent,Accumulated_drop_percent,Ib_le_In_le_Iz,Basis
C-M,92.019,160,220,0.8,176,70,20,400,1.0246,0.2561,0.2561,true,Illustrative Iz only; resistive drop at rho=0.0225; no reactance
C-GF,49.737,80,125,0.8,100,25,12,400,0.9304,0.2326,0.4887,true,Illustrative Iz only; resistive drop at rho=0.0225; no reactance
C-FF,46.447,80,125,0.8,100,25,25,400,1.8101,0.4525,0.7087,true,Illustrative Iz only; resistive drop at rho=0.0225; no reactance
GF-L01,1.991,10,18,0.8,14.4,1.5,35,230,2.0904,0.9089,1.3976,true,Illustrative Iz only; resistive drop at rho=0.0225; no reactance
GF-L02,2.005,10,18,0.8,14.4,1.5,35,230,2.1048,0.9151,1.4039,true,Illustrative Iz only; resistive drop at rho=0.0225; no reactance
GF-L03,1.346,10,18,0.8,14.4,1.5,35,230,1.4128,0.6143,1.103,true,Illustrative Iz only; resistive drop at rho=0.0225; no reactance
GF-L04,1.977,10,18,0.8,14.4,1.5,35,230,2.076,0.9026,1.3913,true,Illustrative Iz only; resistive drop at rho=0.0225; no reactance
GF-L05,2.362,10,18,0.8,14.4,1.5,35,230,2.4796,1.0781,1.5668,true,Illustrative Iz only; resistive drop at rho=0.0225; no reactance
GF-L06,0.879,10,18,0.8,14.4,1.5,35,230,0.9227,0.4012,0.8899,true,Illustrative Iz only; resistive drop at rho=0.0225; no reactance
GF-L07,1.208,10,18,0.8,14.4,1.5,35,230,1.2686,0.5516,1.0403,true,Illustrative Iz only; resistive drop at rho=0.0225; no reactance
GF-L08,0.769,10,18,0.8,14.4,1.5,45,230,1.038,0.4513,0.94,true,Illustrative Iz only; resistive drop at rho=0.0225; no reactance
GF-P01,10.984,20,34,0.8,27.200000000000003,4,45,230,5.5606,2.4177,2.9064,true,Illustrative Iz only; resistive drop at rho=0.0225; no reactance
GF-P02,10.984,20,34,0.8,27.200000000000003,4,45,230,5.5606,2.4177,2.9064,true,Illustrative Iz only; resistive drop at rho=0.0225; no reactance
GF-P03,10.984,20,34,0.8,27.200000000000003,4,45,230,5.5606,2.4177,2.9064,true,Illustrative Iz only; resistive drop at rho=0.0225; no reactance
GF-P04,8.238,20,34,0.8,27.200000000000003,4,45,230,4.1705,1.8133,2.302,true,Illustrative Iz only; resistive drop at rho=0.0225; no reactance
GF-P05,8.238,20,34,0.8,27.200000000000003,4,45,230,4.1705,1.8133,2.302,true,Illustrative Iz only; resistive drop at rho=0.0225; no reactance
GF-P06,13.73,20,34,0.8,27.200000000000003,4,45,230,6.9508,3.0221,3.5108,true,Illustrative Iz only; resistive drop at rho=0.0225; no reactance
GF-REF01,1.208,10,25,0.8,20,2.5,25,230,0.5435,0.2363,0.725,true,Illustrative Iz only; resistive drop at rho=0.0225; no reactance
GF-DW01,8.696,16,25,0.8,20,2.5,30,230,4.6957,2.0416,2.5303,true,Illustrative Iz only; resistive drop at rho=0.0225; no reactance
GF-MW01,6.865,16,25,0.8,20,2.5,30,230,3.7071,1.6118,2.1005,true,Illustrative Iz only; resistive drop at rho=0.0225; no reactance
GF-WH01,10.435,16,25,0.8,20,2.5,30,230,5.6348,2.4499,2.9387,true,Illustrative Iz only; resistive drop at rho=0.0225; no reactance
GF-CP01,6.865,16,25,0.8,20,2.5,30,230,3.7071,1.6118,2.1005,true,Illustrative Iz only; resistive drop at rho=0.0225; no reactance
GF-UPS01,10.069,16,25,0.8,20,2.5,20,230,3.6247,1.576,2.0647,true,Illustrative Iz only; resistive drop at rho=0.0225; no reactance
GF-COM01,1.831,10,25,0.8,20,2.5,20,230,0.659,0.2865,0.7753,true,Illustrative Iz only; resistive drop at rho=0.0225; no reactance
GF-AC01,9.623,16,34,0.8,27.200000000000003,4,45,400,4.2187,1.0547,1.5434,true,Illustrative Iz only; resistive drop at rho=0.0225; no reactance
GF-AC02,9.623,16,34,0.8,27.200000000000003,4,45,400,4.2187,1.0547,1.5434,true,Illustrative Iz only; resistive drop at rho=0.0225; no reactance
FF-L01,2.499,10,18,0.8,14.4,1.5,35,230,2.6238,1.1408,1.8495,true,Illustrative Iz only; resistive drop at rho=0.0225; no reactance
FF-L02,2.993,10,18,0.8,14.4,1.5,35,230,3.1428,1.3664,2.0751,true,Illustrative Iz only; resistive drop at rho=0.0225; no reactance
FF-L03,2.485,10,18,0.8,14.4,1.5,35,230,2.6094,1.1345,1.8432,true,Illustrative Iz only; resistive drop at rho=0.0225; no reactance
FF-L04,1.318,10,18,0.8,14.4,1.5,35,230,1.384,0.6017,1.3104,true,Illustrative Iz only; resistive drop at rho=0.0225; no reactance
FF-L05,1.153,10,18,0.8,14.4,1.5,35,230,1.211,0.5265,1.2352,true,Illustrative Iz only; resistive drop at rho=0.0225; no reactance
FF-L06,0.714,10,18,0.8,14.4,1.5,35,230,0.7497,0.3259,1.0346,true,Illustrative Iz only; resistive drop at rho=0.0225; no reactance
FF-L07,1.208,10,18,0.8,14.4,1.5,35,230,1.2686,0.5516,1.2603,true,Illustrative Iz only; resistive drop at rho=0.0225; no reactance
FF-L08,0.741,10,18,0.8,14.4,1.5,45,230,1.0009,0.4352,1.1439,true,Illustrative Iz only; resistive drop at rho=0.0225; no reactance
FF-P01,10.984,20,34,0.8,27.200000000000003,4,45,230,5.5606,2.4177,3.1263,true,Illustrative Iz only; resistive drop at rho=0.0225; no reactance
FF-P02,10.984,20,34,0.8,27.200000000000003,4,45,230,5.5606,2.4177,3.1263,true,Illustrative Iz only; resistive drop at rho=0.0225; no reactance
FF-P03,10.984,20,34,0.8,27.200000000000003,4,45,230,5.5606,2.4177,3.1263,true,Illustrative Iz only; resistive drop at rho=0.0225; no reactance
FF-P04,8.238,20,34,0.8,27.200000000000003,4,45,230,4.1705,1.8133,2.5219,true,Illustrative Iz only; resistive drop at rho=0.0225; no reactance
FF-P05,8.238,20,34,0.8,27.200000000000003,4,45,230,4.1705,1.8133,2.5219,true,Illustrative Iz only; resistive drop at rho=0.0225; no reactance
FF-P06,13.73,20,34,0.8,27.200000000000003,4,45,230,6.9508,3.0221,3.7308,true,Illustrative Iz only; resistive drop at rho=0.0225; no reactance
FF-REF01,1.208,10,25,0.8,20,2.5,25,230,0.5435,0.2363,0.945,true,Illustrative Iz only; resistive drop at rho=0.0225; no reactance
FF-DW01,8.696,16,25,0.8,20,2.5,30,230,4.6957,2.0416,2.7503,true,Illustrative Iz only; resistive drop at rho=0.0225; no reactance
FF-MW01,6.865,16,25,0.8,20,2.5,30,230,3.7071,1.6118,2.3204,true,Illustrative Iz only; resistive drop at rho=0.0225; no reactance
FF-WH01,10.435,16,25,0.8,20,2.5,30,230,5.6348,2.4499,3.1586,true,Illustrative Iz only; resistive drop at rho=0.0225; no reactance
FF-CP01,6.865,16,25,0.8,20,2.5,30,230,3.7071,1.6118,2.3204,true,Illustrative Iz only; resistive drop at rho=0.0225; no reactance
FF-AC01,9.623,16,34,0.8,27.200000000000003,4,45,400,4.2187,1.0547,1.7634,true,Illustrative Iz only; resistive drop at rho=0.0225; no reactance
FF-AC02,9.623,16,34,0.8,27.200000000000003,4,45,400,4.2187,1.0547,1.7634,true,Illustrative Iz only; resistive drop at rho=0.0225; no reactance
