Floor,Room,Name,Area_m2,Count,Input_W,Total_lm,Assumed_UF,Assumed_MF,Target_lx,Estimated_average_lx
GF,ELEC,Electrical,18,3,72,8400,0.6,0.8,200,224
GF,COM,Communications,18,3,72,8400,0.6,0.8,200,224
GF,STO,Storage,12,2,48,5600,0.6,0.8,200,224
GF,ACC,Accessible WC,12,2,48,5600,0.6,0.8,200,224
GF,MT1,Meeting 1,24,6,216,27000,0.65,0.8,400,585
GF,MT2,Meeting 2,24,6,216,27000,0.65,0.8,400,585
GF,KIT,Kitchen / break,36,9,324,40500,0.65,0.8,400,585
GF,M WC,Male WC,18,3,72,8400,0.6,0.8,200,224
GF,F WC,Female WC,18,3,72,8400,0.6,0.8,200,224
GF,ST1,Stair 1,24,3,72,8400,0.6,0.8,150,168
GF,REC,Reception,18,4,144,18000,0.65,0.8,400,520
GF,WAIT,Waiting,18,4,144,18000,0.65,0.8,400,520
GF,OPEN,Open office,96,24,864,108000,0.65,0.8,400,585
GF,ST2,Stair 2,24,3,72,8400,0.6,0.8,150,168
GF,COR,Corridor,60,10,240,28000,0.5,0.8,100,186.7
FF,PRT,Print / copy,18,3,108,13500,0.65,0.8,400,390
FF,STO,Storage,12,2,48,5600,0.6,0.8,200,224
FF,ACC,Accessible WC,18,3,72,8400,0.6,0.8,200,224
FF,WC,Toilets,18,3,72,8400,0.6,0.8,200,224
FF,CONF,Conference,36,9,324,40500,0.65,0.8,400,585
FF,MT1,Small meeting,24,6,216,27000,0.65,0.8,400,585
FF,MGR1,Manager 1,18,4,144,18000,0.65,0.8,400,520
FF,MGR2,Manager 2,18,4,144,18000,0.65,0.8,400,520
FF,KIT,Kitchen / break,18,3,108,13500,0.65,0.8,400,390
FF,ST1,Stair 1,24,3,72,8400,0.6,0.8,150,168
FF,OPEN,Open office,132,33,1188,148500,0.65,0.8,400,585
FF,ST2,Stair 2,24,3,72,8400,0.6,0.8,150,168
FF,COR,Corridor,60,10,240,28000,0.5,0.8,100,186.7
